{"playListPath":"E:\\APEXClip\\BGM\\Playlists\\APEX.zpl","bgmVolume":0.009999999776482582,"fadeinPolyPt":[{"x":0.0,"y":22.027481079101564},{"x":540.9849853515625,"y":176.2198486328125}],"fadeinPt":[],"fadeinInterval":5,"fadeoutPolyPt":[{"x":0.0,"y":176.2198486328125},{"x":540.9849853515625,"y":22.027481079101564}],"fadeoutPt":[],"fadeoutInterval":5}